# AEDGE projected sensitivity to scalar ULDM coupled to photons: |d_e| at SNR 1 after 1e8 s, the SOLID curve (f_phi >= 0.3 Hz)
# Source: Badurina et al., JCAP 05 (2020) 011 (arXiv:1911.11755), Fig. 3 middle panel (photon coupling |d_e| vs scalar DM mass m_phi); vector paths of the journal PDF, page 13; stroke colour rgb(168, 70, 200), drawings [97, 98, 99, 100, 101] (solid paths, joined in order of mass).
# Left out: the dotted continuation down to 0.1 Hz. Endpoints where the curve meets the frame (d_e = 10) are the frame, not the curve's end.
# Calibration (PDF points, y down; frame 256.73..367.96 x 171.36..90.47, from the tick marks):
#   log10(m_phi/eV) = -19 + (x - 256.73)/12.3589 ;  log10|d_e| = -16 - (y - 171.36)/4.7582
# Points: the PDF polyline's own vertices, exact (no resampling or fitting); linear in log-log between them. Accuracy ~0.01 dex (the vector coordinates are to 0.01 pt).
m_eV,d_e
4.133767e-19,1.042093e-13
4.148317e-19,1.038268e-13
4.162872e-19,1.035053e-13
4.192182e-19,1.027256e-13
4.252342e-19,1.013214e-13
4.374318e-19,9.845685e-14
4.627499e-19,9.309342e-14
5.181676e-19,8.309945e-14
6.621036e-19,6.506921e-14
8.320541e-19,5.177706e-14
1.041427e-18,4.135258e-14
1.328023e-18,3.243049e-14
1.666552e-18,2.584077e-14
2.131374e-18,2.020270e-14
2.264500e-18,1.901729e-14
2.405421e-18,1.791176e-14
2.442133e-18,1.764319e-14
2.478658e-18,1.737839e-14
2.555083e-18,1.686090e-14
2.713872e-18,1.586842e-14
2.723409e-18,1.581017e-14
2.732980e-18,1.576122e-14
2.752222e-18,1.564249e-14
2.791718e-18,1.543163e-14
2.870948e-18,1.500399e-14
2.881873e-18,1.494892e-14
2.892017e-18,1.489108e-14
2.912147e-18,1.479037e-14
2.953283e-18,1.457980e-14
2.963661e-18,1.453465e-14
2.974060e-18,1.447841e-14
2.994795e-18,1.438050e-14
3.037996e-18,1.417576e-14
3.048673e-18,1.413186e-14
3.069894e-18,1.402541e-14
3.080699e-18,1.398477e-14
3.089663e-18,1.394147e-14
3.112337e-18,1.389019e-14
3.518791e-18,1.389019e-14
3.544352e-18,1.394147e-14
3.558932e-18,1.399562e-14
3.572516e-18,1.404728e-14
3.586926e-18,1.410184e-14
3.614317e-18,1.421979e-14
3.669500e-18,1.443646e-14
3.726627e-18,1.465622e-14
3.855886e-18,1.516482e-14
3.871726e-18,1.522080e-14
3.901026e-18,1.533633e-14
3.960857e-18,1.558186e-14
4.083912e-18,1.606341e-14
4.340301e-18,1.707792e-14
5.453172e-18,2.144947e-14
6.819247e-18,2.681541e-14
8.693299e-18,3.419246e-14
1.089953e-17,4.287871e-14
1.393122e-17,5.480258e-14
1.772800e-17,6.971722e-14
1.779040e-17,6.997406e-14
1.785282e-17,7.019140e-14
1.797852e-17,7.072414e-14
1.823247e-17,7.169001e-14
1.874853e-17,7.373332e-14
1.983345e-17,7.804182e-14
1.990315e-17,7.826862e-14
1.997310e-17,7.857262e-14
2.011373e-17,7.910762e-14
2.039634e-17,8.025017e-14
2.098140e-17,8.253746e-14
2.218896e-17,8.729207e-14
2.228024e-17,8.761430e-14
2.358374e-17,9.273392e-14
2.367887e-17,9.309342e-14
2.376924e-17,9.350954e-14
2.506434e-17,9.860963e-14
2.516744e-17,9.897291e-14
2.526335e-17,9.935807e-14
2.544702e-17,1.005003e-13
2.555155e-17,1.012631e-13
2.594152e-17,1.043710e-13
2.604038e-17,1.052447e-13
2.664001e-17,1.101277e-13
2.831232e-17,1.244050e-13
2.842038e-17,1.252521e-13
2.852009e-17,1.262027e-13
2.871861e-17,1.279508e-13
2.913305e-17,1.316735e-13
2.997758e-17,1.393676e-13
3.172925e-17,1.561299e-13
3.555048e-17,1.960955e-13
4.117367e-17,2.630187e-13
4.147606e-17,2.672315e-13
5.792656e-17,5.667393e-13
7.260515e-17,9.411447e-13
9.274537e-17,1.633186e-12
1.165257e-16,2.731110e-12
1.458044e-16,4.521287e-12
1.859290e-16,7.809519e-12
2.332542e-16,1.300891e-11
2.982219e-16,2.262718e-11
3.796127e-16,3.893939e-11
4.754200e-16,6.461383e-11
6.069326e-16,1.118651e-10
7.621018e-16,1.868865e-10
9.530160e-16,3.087290e-10
1.214197e-15,5.329497e-10
1.522333e-15,8.863995e-10
1.945194e-15,1.537890e-09
2.445423e-15,2.575228e-09
3.060757e-15,4.267386e-09
3.903950e-15,7.376624e-09
4.900562e-15,1.230697e-08
6.269244e-15,2.140213e-08
7.982654e-15,3.688835e-08
1.000028e-14,6.125792e-08
1.277045e-14,1.061373e-07
1.604494e-14,1.774550e-07
2.007029e-14,2.936023e-07
2.558597e-14,5.067359e-07
3.208879e-14,8.441149e-07
3.222079e-14,8.518383e-07
3.234119e-14,8.589693e-07
3.259818e-14,8.747599e-07
3.311527e-14,9.063402e-07
3.418488e-14,9.733429e-07
3.641498e-14,1.122139e-06
3.655397e-14,1.131529e-06
3.670433e-14,1.141882e-06
3.699304e-14,1.162878e-06
3.757984e-14,1.204860e-06
3.879388e-14,1.293683e-06
3.894172e-14,1.304512e-06
3.909880e-14,1.316444e-06
3.940925e-14,1.339610e-06
4.003484e-14,1.388244e-06
4.019632e-14,1.400671e-06
4.034974e-14,1.413492e-06
4.066989e-14,1.438361e-06
4.100215e-14,1.464803e-06
4.115864e-14,1.478211e-06
4.132466e-14,1.490580e-06
