# AION-km projected sensitivity to scalar ULDM coupled to photons: |d_e| at SNR 1 after 1e8 s, the SOLID curve (f_phi >= 0.3 Hz)
# Source: Badurina et al., JCAP 05 (2020) 011 (arXiv:1911.11755), Fig. 3 middle panel (photon coupling |d_e| vs scalar DM mass m_phi); vector paths of the journal PDF, page 13; stroke colour rgb(40, 137, 16), drawings [117, 118] (solid paths, joined in order of mass).
# Left out: the dotted continuation down to 0.1 Hz. Endpoints where the curve meets the frame (d_e = 10) are the frame, not the curve's end.
# Calibration (PDF points, y down; frame 256.73..367.96 x 171.36..90.47, from the tick marks):
#   log10(m_phi/eV) = -19 + (x - 256.73)/12.3589 ;  log10|d_e| = -16 - (y - 171.36)/4.7582
# Points: the PDF polyline's own vertices, exact (no resampling or fitting); linear in log-log between them. Accuracy ~0.01 dex (the vector coordinates are to 0.01 pt).
m_eV,d_e
1.239926e-15,4.710513e-10
1.243909e-15,4.727867e-10
1.257062e-15,4.793390e-10
1.274724e-15,4.873980e-10
1.385215e-15,5.410664e-10
1.547414e-15,6.213643e-10
1.968123e-15,8.392525e-10
2.463355e-15,1.110719e-09
2.480516e-15,1.120662e-09
2.497228e-15,1.130044e-09
2.532517e-15,1.149926e-09
2.602822e-15,1.189831e-09
2.750170e-15,1.274823e-09
2.759003e-15,1.280521e-09
2.768699e-15,1.285238e-09
2.788193e-15,1.297003e-09
2.826533e-15,1.319822e-09
2.905000e-15,1.365623e-09
3.069680e-15,1.462880e-09
3.092911e-15,1.476260e-09
3.115609e-15,1.489773e-09
3.163160e-15,1.518336e-09
3.258744e-15,1.575603e-09
3.270921e-15,1.584178e-09
3.283405e-15,1.591247e-09
3.307501e-15,1.605813e-09
3.356988e-15,1.636601e-09
3.382624e-15,1.651264e-09
3.407176e-15,1.666367e-09
3.420180e-15,1.674137e-09
3.433234e-15,1.682924e-09
3.459177e-15,1.698329e-09
3.473426e-15,1.707231e-09
3.497862e-15,1.728209e-09
3.524333e-15,1.757252e-09
3.536698e-15,1.771963e-09
3.563747e-15,1.801728e-09
3.671144e-15,1.927067e-09
3.897253e-15,2.205374e-09
3.924693e-15,2.238961e-09
3.952011e-15,2.274823e-09
4.007858e-15,2.346477e-09
4.120338e-15,2.498544e-09
4.356217e-15,2.833426e-09
4.869233e-15,3.640364e-09
6.200437e-15,6.263545e-09
7.857961e-15,1.068124e-08
9.803747e-15,1.756659e-08
1.245798e-14,3.011360e-08
1.558353e-14,4.986266e-08
1.940907e-14,8.167158e-08
2.462696e-14,1.394914e-07
3.075269e-14,2.300780e-07
3.912215e-14,3.953306e-07
4.955478e-14,6.731189e-07
6.177035e-14,1.105302e-06
7.847019e-14,1.893313e-06
9.806977e-14,3.127677e-06
1.249181e-13,5.390811e-06
1.584062e-13,9.198330e-06
1.976318e-13,1.513950e-05
2.512879e-13,2.599331e-05
3.145205e-13,4.303147e-05
3.918179e-13,7.055130e-05
4.973032e-13,1.206855e-04
6.211865e-13,1.992130e-04
7.907165e-13,3.427636e-04
1.001872e-12,5.836123e-04
1.249592e-12,9.598172e-04
1.587903e-12,1.645371e-03
1.985688e-12,2.720194e-03
2.472220e-12,4.456377e-03
3.136133e-12,7.605396e-03
3.915060e-12,1.253466e-02
4.979084e-12,2.153764e-02
6.233834e-12,3.568296e-02
7.768218e-12,5.859379e-02
9.865467e-12,1.002894e-01
1.233042e-11,1.655456e-01
1.570028e-11,2.853326e-01
1.989892e-11,4.862033e-01
2.482628e-11,8.000805e-01
3.155466e-11,1.372615e+00
3.948321e-11,2.272785e+00
4.917552e-11,3.723393e+00
6.241457e-11,6.363101e+00
7.627678e-11,9.998887e+00
