# AION-100 (goal) projected sensitivity to scalar ULDM coupled to photons: |d_e| at SNR 1 after 1e8 s, the SOLID curve (f_phi >= 0.3 Hz)
# Source: Badurina et al., JCAP 05 (2020) 011 (arXiv:1911.11755), Fig. 3 middle panel (photon coupling |d_e| vs scalar DM mass m_phi); vector paths of the journal PDF, page 13; stroke colour rgb(0, 119, 186), drawings [112, 113] (solid paths, joined in order of mass).
# Left out: the dotted continuation down to 0.1 Hz. Endpoints where the curve meets the frame (d_e = 10) are the frame, not the curve's end.
# Calibration (PDF points, y down; frame 256.73..367.96 x 171.36..90.47, from the tick marks):
#   log10(m_phi/eV) = -19 + (x - 256.73)/12.3589 ;  log10|d_e| = -16 - (y - 171.36)/4.7582
# Points: the PDF polyline's own vertices, exact (no resampling or fitting); linear in log-log between them. Accuracy ~0.01 dex (the vector coordinates are to 0.01 pt).
m_eV,d_e
1.239926e-15,3.139510e-08
1.243909e-15,3.153520e-08
1.248280e-15,3.168224e-08
1.257062e-15,3.194747e-08
1.274724e-15,3.250331e-08
1.310507e-15,3.365709e-08
1.385215e-15,3.606127e-08
1.547414e-15,4.141301e-08
1.968123e-15,5.593535e-08
2.463355e-15,7.407096e-08
3.069680e-15,9.749880e-08
3.897253e-15,1.314086e-07
4.869233e-15,1.736102e-07
6.200437e-15,2.348532e-07
7.857961e-15,3.157348e-07
9.803747e-15,4.162448e-07
1.245798e-14,5.617719e-07
1.558353e-14,7.433357e-07
1.940907e-14,9.776936e-07
2.462696e-14,1.316444e-06
3.075269e-14,1.738209e-06
3.912215e-14,2.349101e-06
4.955478e-14,3.156283e-06
4.972864e-14,3.170391e-06
4.990369e-14,3.182705e-06
5.023991e-14,3.211826e-06
5.093046e-14,3.268347e-06
5.236011e-14,3.381092e-06
5.532834e-14,3.622610e-06
5.552277e-14,3.638802e-06
5.571378e-14,3.652922e-06
5.608915e-14,3.686359e-06
5.688176e-14,3.750483e-06
5.846084e-14,3.880634e-06
6.177035e-14,4.157834e-06
6.224206e-14,4.195893e-06
6.271309e-14,4.236739e-06
6.365611e-14,4.314624e-06
6.557483e-14,4.480799e-06
6.657564e-14,4.563204e-06
6.757174e-14,4.650694e-06
6.808775e-14,4.693229e-06
6.858781e-14,4.739862e-06
6.936984e-14,4.804593e-06
6.945272e-14,4.815782e-06
6.995724e-14,4.874004e-06
7.014005e-14,4.903388e-06
7.067607e-14,4.985790e-06
7.173312e-14,5.158791e-06
7.390117e-14,5.518728e-06
7.847019e-14,6.309588e-06
7.874596e-14,6.362384e-06
7.902269e-14,6.410650e-06
7.955510e-14,6.513355e-06
8.067290e-14,6.718491e-06
8.296243e-14,7.153895e-06
8.771084e-14,8.112738e-06
9.806977e-14,1.043127e-05
1.249181e-13,1.796177e-05
1.584062e-13,3.065425e-05
1.976318e-13,5.045334e-05
2.512879e-13,8.662438e-05
3.145205e-13,1.435169e-04
3.918179e-13,2.352991e-04
4.973032e-13,4.024268e-04
6.211865e-13,6.638926e-04
7.907165e-13,1.142282e-03
1.001872e-12,1.946434e-03
1.249592e-12,3.198652e-03
1.587903e-12,5.483323e-03
1.985688e-12,9.065253e-03
2.472220e-12,1.485116e-02
3.136133e-12,2.536026e-02
3.915060e-12,4.177257e-02
4.979084e-12,7.177555e-02
6.233834e-12,1.190080e-01
7.768218e-12,1.952676e-01
9.865467e-12,3.342208e-01
1.233042e-11,5.521192e-01
1.570028e-11,9.508892e-01
1.989892e-11,1.621566e+00
2.482628e-11,2.666329e+00
3.155466e-11,4.574328e+00
3.948321e-11,7.574201e+00
4.466616e-11,9.998887e+00
