# Lower edge of the region already excluded for scalar ULDM coupled to photons (grey in the source): |d_e| above this is ruled out
# Source: Badurina et al., JCAP 05 (2020) 011 (arXiv:1911.11755), Fig. 3 middle panel (photon coupling |d_e| vs scalar DM mass m_phi); vector paths of the journal PDF, page 13; the union of the grey fills, drawings [88, 89, 90] (torsion balances, MICROSCOPE, atomic clocks).
# Built: each fill cut every 0.02 pt (and either side of every vertex) by a vertical line, keeping the lowest crossing of any fill; clipped to the frame (1e-19..1e-10 eV).
# Below ~2e-18 eV the edge is the atomic-clock fill's saw-tooth lower edge, kept as drawn; above, MICROSCOPE's solid line up to ~7e-13 eV, then the torsion balances' dashed one.
# Calibration (PDF points, y down; frame 256.73..367.96 x 171.36..90.47, from the tick marks):
#   log10(m_phi/eV) = -19 + (x - 256.73)/12.3589 ;  log10|d_e| = -16 - (y - 171.36)/4.7582
# Decimation: Ramer-Douglas-Peucker at 0.002 dex on the exact edge; linear in log-log.
m_eV,d_e
1.000000e-19,1.391454e-05
1.034715e-19,1.071349e-05
1.055738e-19,1.918232e-05
1.130884e-19,1.098263e-05
1.154281e-19,2.121561e-05
1.212148e-19,1.311409e-05
1.237134e-19,2.470178e-05
1.312110e-19,1.379448e-05
1.312554e-19,2.598834e-05
1.392504e-19,1.415479e-05
1.420901e-19,2.951142e-05
1.522039e-19,1.415490e-05
1.522996e-19,2.805170e-05
1.631290e-19,1.606069e-05
1.632316e-19,3.523204e-05
1.765947e-19,1.777770e-05
1.784687e-19,3.612475e-05
1.930639e-19,2.017174e-05
1.950550e-19,4.206244e-05
2.174495e-19,2.290570e-05
2.175219e-19,4.425295e-05
2.424215e-19,2.290591e-05
2.425767e-19,4.897468e-05
2.703442e-19,2.876877e-05
2.732130e-19,5.846353e-05
2.985051e-19,3.105890e-05
3.015836e-19,6.311444e-05
3.263454e-19,3.434595e-05
3.329985e-19,6.984713e-05
3.602598e-19,3.801724e-05
3.713542e-19,8.132654e-05
4.097769e-19,4.317030e-05
4.140030e-19,8.556417e-05
4.569735e-19,4.898431e-05
4.616863e-19,9.470655e-05
4.994827e-19,5.153795e-05
5.039549e-19,9.771352e-05
5.134329e-19,9.753320e-05
5.515122e-19,5.847910e-05
5.515328e-19,9.767331e-05
5.614688e-19,9.766535e-05
5.910995e-19,6.152749e-05
5.981894e-19,9.644378e-05
6.004227e-19,9.763546e-05
6.185922e-19,9.762218e-05
6.462766e-19,6.152976e-05
6.565972e-19,9.759563e-05
6.815272e-19,9.712859e-05
7.063392e-19,6.986918e-05
7.100448e-19,9.756079e-05
7.397557e-19,9.754254e-05
7.425175e-19,9.682274e-05
7.496215e-19,8.559382e-05
7.564823e-19,9.753259e-05
8.089659e-19,9.750274e-05
8.195308e-19,8.341423e-05
8.200202e-19,9.749670e-05
8.748164e-19,9.746793e-05
8.784213e-19,9.473709e-05
8.789459e-19,9.746584e-05
1.042782e-16,9.536480e-05
1.036167e-14,1.048248e-04
2.464941e-14,1.048255e-04
4.200626e-14,1.266777e-04
8.181092e-14,1.683662e-04
1.490525e-13,2.236524e-04
2.376870e-13,3.268112e-04
4.050389e-13,5.770766e-04
6.042143e-13,1.018828e-03
6.960721e-13,1.345406e-03
1.642030e-12,1.977637e-03
7.115451e-12,4.219305e-03
1.583352e-11,6.166717e-03
6.861727e-11,1.315679e-02
1.000000e-10,1.551560e-02
