# AEDGE characteristic-strain sensitivity curve (lower boundary of the AEDGE region), digitised from GW_exclusion_plot.svg
# Source: GW_exclusion_plot.svg (qsim_visit project root), top-left panel, colour #6685d9.
# Shapes: the AEDGE region has one translucent fill (path506-2) and two #6685d9 strokes plus a 2-point lead-in:
#   path507-1 - 2-point dashed lead-in continuing path508-0 leftwards past the frame edge (clipped at f = 1e-6 Hz here).
#   path508-0 - DASHED curve over the whole band, 1e-6 Hz -> 3.39 Hz (689 segments). The fill's lower edge follows it exactly.
#               Below 0.01 Hz this is the only AEDGE curve (broadband-mode sensitivity, incl. the two upward spikes near
#               3e-3 and 6e-3 Hz, presumably response nulls of the broadband interferometer; kept).
#   path509-9 - SOLID curve from 0.0100 Hz to 3.39 Hz (1091 segments), starting on path508-0 and ending on the same point.
#               It is the same curve as path508-0 over that range but at ~2.7x the vertex density: it resolves the saw-tooth
#               staircase of the resonant-mode envelope, which path508-0 undersamples (in places cuts straight chords across it).
#               Difference solid - dashed: rms 0.016 dex, max 0.09 dex, all attributable to that undersampling.
# Built: path507-1 (reversed, clipped at the frame) + path508-0 for f < 0.0100 Hz, then path509-9 for f >= 0.0100 Hz
#   (joins continuously: the two strokes agree to 1e-3 px at the junction). Band limits: left end is the frame clip
#   (curve continues below 1e-6 Hz); right end at 3.39 Hz is where the plot's author ended the curve (fill closes vertically there).
# Calibration (top-left panel; svgelements page coords in px, y down):
#   log10(f/Hz) = -6 + (x - 102.2)/28.065 ;  log10(h_c) = -15 - (y - 50.24)/18.258
# Decimation: exact polyline vertices (no curve fitting) -> 300 points uniform in log10 f plus the Ramer-Douglas-Peucker
#   vertices at 0.002 dex tolerance (keeps spike tips and staircase corners), linearly interpolated in log-log.
#   Max perpendicular deviation from the full polyline: 0.0017 dex. Digitisation accuracy ~0.01 dex in both axes.
# Caveat: spacing is only roughly uniform (extra points cluster at spikes/steps); linear interpolation in log-log is exact.
f_Hz,h_c
1.000000e-06,2.199253e-16
1.051573e-06,2.039452e-16
1.105805e-06,1.891262e-16
1.162835e-06,1.753840e-16
1.222805e-06,1.626206e-16
1.285869e-06,1.507764e-16
1.352184e-06,1.397949e-16
1.421920e-06,1.296133e-16
1.495253e-06,1.201731e-16
1.572367e-06,1.114206e-16
1.653458e-06,1.033055e-16
1.738732e-06,9.578893e-17
1.828403e-06,8.882864e-17
1.922698e-06,8.237410e-17
2.021857e-06,7.638857e-17
2.126130e-06,7.083797e-17
2.235780e-06,6.569068e-17
2.351086e-06,6.091741e-17
2.472338e-06,5.649492e-17
2.599843e-06,5.239523e-17
2.733924e-06,4.859304e-17
2.874920e-06,4.506676e-17
3.023187e-06,4.179638e-17
3.179101e-06,3.876332e-17
3.343056e-06,3.595036e-17
3.515467e-06,3.334080e-17
3.696769e-06,3.091942e-17
3.887422e-06,2.867389e-17
4.087907e-06,2.659144e-17
4.298732e-06,2.466023e-17
4.520429e-06,2.286928e-17
4.753560e-06,2.120839e-17
4.998714e-06,1.966853e-17
5.256511e-06,1.824080e-17
5.527604e-06,1.691671e-17
5.812678e-06,1.568874e-17
6.112454e-06,1.454990e-17
6.427690e-06,1.349373e-17
6.759183e-06,1.251423e-17
7.107773e-06,1.160763e-17
7.474340e-06,1.076704e-17
7.859812e-06,9.987329e-18
8.265164e-06,9.264079e-18
8.691422e-06,8.593205e-18
9.139662e-06,7.970913e-18
9.611020e-06,7.393686e-18
1.010669e-05,6.858666e-18
1.062792e-05,6.362653e-18
1.117603e-05,5.902512e-18
1.175241e-05,5.475647e-18
1.235851e-05,5.079653e-18
1.299587e-05,4.712297e-18
1.366610e-05,4.371507e-18
1.437090e-05,4.056252e-18
1.511205e-05,3.763960e-18
1.589142e-05,3.492731e-18
1.671098e-05,3.241046e-18
1.757281e-05,3.007497e-18
1.847909e-05,2.790778e-18
1.943211e-05,2.589676e-18
1.999366e-05,2.482247e-18
2.043428e-05,2.403656e-18
2.148813e-05,2.231716e-18
2.259633e-05,2.072076e-18
2.376169e-05,1.923855e-18
2.498714e-05,1.786236e-18
2.627580e-05,1.658462e-18
2.763091e-05,1.539828e-18
2.905591e-05,1.429945e-18
3.055441e-05,1.328779e-18
3.213018e-05,1.234771e-18
3.378722e-05,1.147413e-18
3.552972e-05,1.066236e-18
3.736209e-05,9.908015e-19
3.928895e-05,9.207041e-19
4.030341e-05,8.870856e-19
4.131519e-05,8.562112e-19
4.344593e-05,7.968530e-19
4.568656e-05,7.416100e-19
4.804274e-05,6.901968e-19
5.052043e-05,6.423478e-19
5.312591e-05,5.978161e-19
5.586576e-05,5.563716e-19
5.817862e-05,5.250419e-19
5.874691e-05,5.180314e-19
6.177665e-05,4.832325e-19
6.496264e-05,4.507712e-19
6.831294e-05,4.204904e-19
7.183603e-05,3.922439e-19
7.554081e-05,3.658947e-19
7.943666e-05,3.413156e-19
8.195569e-05,3.268945e-19
8.353343e-05,3.188010e-19
8.784147e-05,2.984049e-19
9.237170e-05,2.793136e-19
9.713556e-05,2.614437e-19
1.021451e-04,2.447172e-19
1.074130e-04,2.290607e-19
1.129526e-04,2.144059e-19
1.187592e-04,2.007302e-19
1.187779e-04,2.006918e-19
1.249036e-04,1.887729e-19
1.313452e-04,1.775619e-19
1.381190e-04,1.670167e-19
1.452422e-04,1.570978e-19
1.527327e-04,1.477679e-19
1.606096e-04,1.389921e-19
1.688927e-04,1.307376e-19
1.709769e-04,1.287998e-19
1.776029e-04,1.234747e-19
1.867624e-04,1.167685e-19
1.963942e-04,1.104265e-19
2.065228e-04,1.044290e-19
2.171738e-04,9.875724e-20
2.283740e-04,9.339351e-20
2.401519e-04,8.832109e-20
2.401823e-04,8.830867e-20
2.525372e-04,8.395553e-20
2.655612e-04,7.980680e-20
2.792570e-04,7.586307e-20
2.936590e-04,7.211423e-20
3.088038e-04,6.855064e-20
3.247297e-04,6.516315e-20
3.414769e-04,6.194305e-20
3.472881e-04,6.089854e-20
3.590878e-04,5.902472e-20
3.776069e-04,5.631265e-20
3.970811e-04,5.372519e-20
4.175597e-04,5.125662e-20
4.390944e-04,4.890148e-20
4.617397e-04,4.665455e-20
4.855529e-04,4.451087e-20
5.105942e-04,4.248369e-20
5.369269e-04,4.055251e-20
5.646177e-04,3.870912e-20
5.937366e-04,3.694952e-20
6.243572e-04,3.526991e-20
6.565571e-04,3.366665e-20
6.904175e-04,3.211887e-20
7.260242e-04,3.060721e-20
7.522831e-04,2.956042e-20
7.634673e-04,2.912262e-20
8.028414e-04,2.767891e-20
8.435440e-04,2.631312e-20
8.442461e-04,2.628914e-20
8.877862e-04,2.488403e-20
9.335718e-04,2.349787e-20
9.817186e-04,2.215967e-20
1.000455e-03,2.166329e-20
1.032349e-03,2.082099e-20
1.085590e-03,1.948105e-20
1.125193e-03,1.852929e-20
1.141576e-03,1.813721e-20
1.200451e-03,1.680752e-20
1.262361e-03,1.547433e-20
1.278887e-03,1.514086e-20
1.327465e-03,1.413638e-20
1.395926e-03,1.288256e-20
1.458858e-03,1.179545e-20
1.467917e-03,1.164261e-20
1.543622e-03,1.046154e-20
1.623231e-03,9.362040e-21
1.706945e-03,8.377435e-21
1.794977e-03,7.516711e-21
1.859927e-03,6.989645e-21
1.887549e-03,6.801373e-21
1.970546e-03,6.310522e-21
1.984895e-03,6.243888e-21
2.086578e-03,5.849704e-21
2.087262e-03,5.848015e-21
2.183694e-03,5.647496e-21
2.194907e-03,5.634498e-21
2.297963e-03,5.595645e-21
2.308105e-03,5.602809e-21
2.404918e-03,5.716357e-21
2.427140e-03,5.766845e-21
2.517026e-03,6.023514e-21
2.552314e-03,6.169575e-21
2.619149e-03,6.495934e-21
2.683944e-03,6.914017e-21
2.740288e-03,7.374705e-21
2.822362e-03,8.263415e-21
2.835399e-03,8.432735e-21
2.931151e-03,1.005552e-20
2.967919e-03,1.091017e-20
3.091211e-03,1.550070e-20
3.120983e-03,1.782792e-20
3.157701e-03,2.068690e-20
3.224495e-03,3.238888e-20
3.281941e-03,7.602056e-20
3.310903e-03,1.038447e-19
3.382117e-03,9.371479e-20
3.400574e-03,8.397650e-20
3.451200e-03,4.399184e-20
3.472749e-03,3.040285e-20
3.547444e-03,1.869297e-20
3.629187e-03,1.325980e-20
3.739854e-03,9.458191e-21
3.816355e-03,7.894105e-21
3.881285e-03,6.925471e-21
4.013174e-03,5.599111e-21
4.070729e-03,5.169812e-21
4.220145e-03,4.383721e-21
4.361251e-03,3.862125e-21
4.437789e-03,3.658014e-21
4.666658e-03,3.225659e-21
4.672833e-03,3.215999e-21
4.808441e-03,3.066113e-21
4.907331e-03,2.992230e-21
5.006327e-03,2.943979e-21
5.151613e-03,2.922900e-21
5.160415e-03,2.924397e-21
5.240801e-03,2.935151e-21
5.363621e-03,2.989800e-21
5.426552e-03,3.040145e-21
5.550945e-03,3.171810e-21
5.706414e-03,3.428978e-21
5.746816e-03,3.507129e-21
6.000710e-03,4.395380e-21
6.007582e-03,4.425223e-21
6.170290e-03,5.532389e-21
6.304767e-03,7.209688e-21
6.310183e-03,7.346107e-21
6.439928e-03,1.098935e-20
6.616192e-03,2.881541e-20
6.635616e-03,2.477638e-20
6.723695e-03,8.507225e-21
6.795383e-03,1.161452e-21
6.977833e-03,1.174993e-21
7.337699e-03,1.201211e-21
7.716124e-03,1.228292e-21
8.114066e-03,1.256295e-21
8.532531e-03,1.285403e-21
8.972577e-03,1.315346e-21
9.435317e-03,1.346642e-21
9.753962e-03,1.367543e-21
9.921922e-03,1.087780e-21
1.001255e-02,9.364192e-22
1.043362e-02,9.535064e-22
1.097171e-02,9.749714e-22
1.153756e-02,9.975868e-22
1.213258e-02,1.020804e-21
1.275829e-02,1.044578e-21
1.287612e-02,1.049053e-21
1.318892e-02,5.490935e-22
1.341627e-02,4.602831e-22
1.350177e-02,4.313635e-22
1.410818e-02,4.371866e-22
1.483578e-02,4.445068e-22
1.560090e-02,4.522095e-22
1.640548e-02,4.605044e-22
1.658643e-02,4.624590e-22
1.700715e-02,3.824972e-22
1.725156e-02,3.842391e-22
1.814127e-02,3.907910e-22
1.907687e-02,3.976834e-22
1.948051e-02,4.007224e-22
1.997464e-02,2.820615e-22
2.006071e-02,2.752015e-22
2.044275e-02,2.463812e-22
2.109530e-02,2.477495e-22
2.218324e-02,2.502750e-22
2.290352e-02,2.520204e-22
2.332729e-02,2.298438e-22
2.344027e-02,2.237345e-22
2.453034e-02,2.253302e-22
2.568199e-02,2.275338e-22
2.579544e-02,2.209573e-22
2.631872e-02,1.808507e-22
2.694303e-02,1.643684e-22
2.712578e-02,1.643684e-22
2.852473e-02,1.649024e-22
2.949503e-02,1.654118e-22
2.999583e-02,1.554806e-22
3.023474e-02,1.512259e-22
3.154280e-02,1.517296e-22
3.234061e-02,1.521206e-22
3.309852e-02,1.288083e-22
3.316955e-02,1.274911e-22
3.390258e-02,1.184584e-22
3.488019e-02,1.182857e-22
3.629429e-02,1.182553e-22
3.667906e-02,1.145963e-22
3.715523e-02,1.098434e-22
3.857070e-02,1.098434e-22
3.890627e-02,1.098906e-22
3.980694e-02,9.554794e-23
4.055990e-02,9.038323e-23
4.072846e-02,8.923813e-23
4.203636e-02,8.890377e-23
4.265168e-02,8.631111e-23
4.485135e-02,7.790896e-23
4.716445e-02,7.032474e-23
4.750898e-02,6.928998e-23
4.959685e-02,6.421464e-23
5.215470e-02,5.874989e-23
5.366411e-02,5.558409e-23
5.484446e-02,5.544119e-23
5.631879e-02,5.535207e-23
5.752614e-02,5.277232e-23
5.767294e-02,5.229283e-23
5.887429e-02,4.800394e-23
6.025403e-02,4.568819e-23
6.064729e-02,4.572741e-23
6.318178e-02,4.589938e-23
6.377504e-02,4.508319e-23
6.464442e-02,4.384945e-23
6.612247e-02,4.049510e-23
6.706409e-02,3.948622e-23
6.765320e-02,3.889872e-23
6.912765e-02,3.917505e-23
6.950490e-02,3.891541e-23
7.052277e-02,3.798742e-23
7.074769e-02,3.778844e-23
7.250680e-02,3.520601e-23
7.406119e-02,3.410223e-23
7.415982e-02,3.408231e-23
7.579685e-02,3.443301e-23
7.768150e-02,3.339642e-23
7.798445e-02,3.346579e-23
8.200632e-02,3.448845e-23
8.322552e-02,3.481176e-23
8.499191e-02,3.501396e-23
8.623561e-02,3.455953e-23
8.724510e-02,3.423049e-23
9.068302e-02,3.512355e-23
9.535979e-02,3.639494e-23
9.540224e-02,3.640794e-23
9.774709e-02,3.601181e-23
1.002778e-01,3.664977e-23
1.054494e-01,3.790155e-23
1.095973e-01,3.875298e-23
1.108877e-01,3.848789e-23
1.123538e-01,3.823690e-23
1.166065e-01,3.923974e-23
1.226202e-01,4.069054e-23
1.231245e-01,4.080027e-23
1.258080e-01,4.098887e-23
1.289440e-01,4.057544e-23
1.289721e-01,4.057771e-23
1.355940e-01,4.202699e-23
1.425870e-01,4.350263e-23
1.444566e-01,4.381184e-23
1.499406e-01,4.333016e-23
1.515921e-01,4.324695e-23
1.576734e-01,4.443601e-23
1.658051e-01,4.606236e-23
1.735776e-01,4.746129e-23
1.743561e-01,4.746129e-23
1.833481e-01,4.712697e-23
1.863292e-01,4.704571e-23
1.928039e-01,4.818242e-23
2.027473e-01,4.994156e-23
2.132036e-01,5.182036e-23
2.185967e-01,5.278930e-23
2.235947e-01,5.224296e-23
2.241990e-01,5.222055e-23
2.292823e-01,5.222055e-23
2.346556e-01,5.154724e-23
2.357616e-01,5.154724e-23
2.397530e-01,5.160809e-23
2.479205e-01,5.279509e-23
2.607064e-01,5.471170e-23
2.741518e-01,5.674516e-23
2.882905e-01,5.891804e-23
2.948567e-01,5.996279e-23
3.031585e-01,5.964334e-23
3.157460e-01,5.894259e-23
3.187932e-01,5.859073e-23
3.238453e-01,5.796460e-23
3.314348e-01,5.769790e-23
3.352342e-01,5.814040e-23
3.525232e-01,6.018829e-23
3.707037e-01,6.235957e-23
3.898220e-01,6.470353e-23
4.099261e-01,6.718577e-23
4.310672e-01,6.986279e-23
4.464364e-01,7.185562e-23
4.532985e-01,7.157153e-23
4.766763e-01,7.047600e-23
4.894046e-01,6.995455e-23
5.012598e-01,6.907006e-23
5.271112e-01,6.784909e-23
5.367704e-01,6.731225e-23
5.542957e-01,6.715839e-23
5.619103e-01,6.728338e-23
5.828823e-01,6.895159e-23
6.129431e-01,7.139707e-23
6.445543e-01,7.401714e-23
6.777957e-01,7.688845e-23
7.127515e-01,7.987114e-23
7.262048e-01,8.100953e-23
7.495101e-01,8.315131e-23
7.881644e-01,8.667841e-23
8.288122e-01,9.046235e-23
8.715563e-01,9.463792e-23
9.127682e-01,9.879932e-23
9.165048e-01,9.889235e-23
9.339638e-01,9.934122e-23
9.637715e-01,9.790120e-23
1.013476e+00,9.603843e-23
1.046607e+00,9.471131e-23
1.065744e+00,9.415027e-23
1.120707e+00,9.251547e-23
1.178505e+00,9.083823e-23
1.239284e+00,8.932185e-23
1.303197e+00,8.783078e-23
1.312366e+00,8.760701e-23
1.370406e+00,8.642461e-23
1.441082e+00,8.527156e-23
1.511322e+00,8.408123e-23
1.515402e+00,8.402767e-23
1.593556e+00,8.310855e-23
1.660833e+00,8.248242e-23
1.675740e+00,8.293276e-23
1.762162e+00,8.623230e-23
1.853042e+00,8.999618e-23
1.874959e+00,9.089961e-23
1.948608e+00,9.417152e-23
2.049104e+00,9.861972e-23
2.154781e+00,1.035186e-22
2.265909e+00,1.089357e-22
2.354667e+00,1.132650e-22
2.382769e+00,1.147932e-22
2.505655e+00,1.215028e-22
2.634878e+00,1.286046e-22
2.661216e+00,1.300577e-22
2.770766e+00,1.368453e-22
2.913662e+00,1.458044e-22
2.983220e+00,1.502076e-22
3.063927e+00,1.557413e-22
3.221943e+00,1.670150e-22
3.388107e+00,1.796328e-22
