# LIGO (aLIGO design-style) characteristic-strain sensitivity curve, digitised from GW_exclusion_plot.svg
# Source: GW_exclusion_plot.svg (qsim_visit project root), top-left panel; solid #c56e1a stroke path id="path519-3"
#   (shapes.pkl idx 1504). Cross-check: the bottom LIGO-only panel's stroke "path519-3-7-4-1-7" (idx 2054) is an exact
#   translation (+13.507, +926.118) of it, and that panel's frame, tick marks and tick-label glyphs are translated by the
#   same offset, so it gives identical values.
# Calibration (page coords, y down): log10(f/Hz) = -6 + (x - 102.2)/28.065 ; log10(h_c) = -15 - (y - 50.24)/18.258
# Method: the stroke is a 387-vertex polyline in log-log page space, strictly monotonic in f and lying wholly inside the
#   frame (no clipping). All vertices are written as-is (exact; linear interpolation in log-log reproduces the plotted
#   curve). The translucent fill path518-9 (idx 1503) only adds vertical closing edges at 5 Hz / 5 kHz and the frame-top
#   clip, which are not included.
# Caveats: vertex spacing is not uniform in log f (denser where the curve bends). Includes the narrow suspension
#   (bounce-mode) spike at ~9.7 Hz, reaching h_c ~1.7e-19. 5 Hz and 5 kHz are the band limits of the plotted curve.
#   Calibration accuracy ~0.01 plot units -> <0.001 dex in both axes.
f_Hz,h_c
5.000168e+00,1.118451e-19
5.011345e+00,1.092018e-19
5.020795e+00,1.066210e-19
5.042914e+00,1.016954e-19
5.085670e+00,9.250646e-20
5.172272e+00,7.664298e-20
5.351419e+00,5.301273e-20
5.725747e+00,2.595992e-20
5.739747e+00,2.534911e-20
5.752175e+00,2.476065e-20
5.779129e+00,2.361678e-20
5.832601e+00,2.150126e-20
5.940207e+00,1.785811e-20
6.162700e+00,1.239863e-20
6.176475e+00,1.212640e-20
6.191577e+00,1.185505e-20
6.220155e+00,1.133531e-20
6.276395e+00,1.036764e-20
6.393972e+00,8.698208e-21
6.633461e+00,6.179913e-21
6.647824e+00,6.061751e-21
6.660825e+00,5.943299e-21
6.689702e+00,5.718810e-21
6.748303e+00,5.296655e-21
6.865134e+00,4.557197e-21
7.103411e+00,3.426080e-21
7.118792e+00,3.367789e-21
7.134207e+00,3.311555e-21
7.165636e+00,3.201201e-21
7.226389e+00,2.997505e-21
7.351497e+00,2.641172e-21
7.415895e+00,2.486410e-21
7.478771e+00,2.346749e-21
7.608247e+00,2.104693e-21
7.624722e+00,2.077556e-21
7.641765e+00,2.052309e-21
7.672753e+00,2.002302e-21
7.737806e+00,1.910416e-21
7.754561e+00,1.889022e-21
7.769726e+00,1.867668e-21
7.803410e+00,1.827444e-21
7.869571e+00,1.752582e-21
7.884961e+00,1.735002e-21
7.902034e+00,1.718335e-21
7.936846e+00,1.686203e-21
8.001904e+00,1.626520e-21
8.036596e+00,1.599532e-21
8.069748e+00,1.574343e-21
8.138166e+00,1.528751e-21
8.207165e+00,1.489582e-21
8.224936e+00,1.480821e-21
8.241021e+00,1.472270e-21
8.276749e+00,1.456251e-21
8.294671e+00,1.448929e-21
8.310892e+00,1.442262e-21
8.328888e+00,1.435626e-21
8.346923e+00,1.429634e-21
8.363246e+00,1.423666e-21
8.381355e+00,1.418332e-21
8.417691e+00,1.408327e-21
8.434153e+00,1.404105e-21
8.452416e+00,1.400044e-21
8.470718e+00,1.396445e-21
8.486691e+00,1.393602e-21
8.505661e+00,1.390616e-21
8.524079e+00,1.388381e-21
8.542536e+00,1.386595e-21
8.559242e+00,1.385406e-21
8.577775e+00,1.384218e-21
8.596349e+00,1.383772e-21
8.631811e+00,1.383772e-21
8.669233e+00,1.386000e-21
8.685580e+00,1.387785e-21
8.723844e+00,1.393602e-21
8.745174e+00,1.397644e-21
8.764111e+00,1.402449e-21
8.783701e+00,1.408327e-21
8.805178e+00,1.414231e-21
8.824244e+00,1.421378e-21
8.845820e+00,1.429634e-21
8.864974e+00,1.438709e-21
8.906514e+00,1.459378e-21
8.925799e+00,1.471638e-21
8.945127e+00,1.485275e-21
8.967624e+00,1.500164e-21
8.987042e+00,1.516665e-21
9.028523e+00,1.554044e-21
9.048073e+00,1.575694e-21
9.070829e+00,1.599532e-21
9.090471e+00,1.625299e-21
9.110155e+00,1.653430e-21
9.132430e+00,1.684215e-21
9.152205e+00,1.718335e-21
9.195090e+00,1.797123e-21
9.215001e+00,1.842796e-21
9.237532e+00,1.892267e-21
9.258180e+00,1.948491e-21
9.278228e+00,2.010695e-21
9.300914e+00,2.079116e-21
9.321053e+00,2.156332e-21
9.364730e+00,2.341971e-21
9.385008e+00,2.453298e-21
9.405329e+00,2.583181e-21
9.428326e+00,2.728999e-21
9.449401e+00,2.902283e-21
9.472506e+00,3.108496e-21
9.493017e+00,3.346545e-21
9.513572e+00,3.638940e-21
9.536834e+00,4.007278e-21
9.558151e+00,4.449494e-21
9.578848e+00,5.041139e-21
9.602269e+00,5.866668e-21
9.623061e+00,6.899523e-21
9.643898e+00,8.546550e-21
9.668153e+00,1.184489e-20
9.689088e+00,1.119396e-20
9.712778e+00,6.492539e-20
9.733810e+00,1.744378e-19
9.755567e+00,1.079789e-19
9.779421e+00,1.035874e-20
9.800596e+00,7.334476e-21
9.821818e+00,7.687245e-21
9.845833e+00,6.203155e-21
9.867841e+00,5.158735e-21
9.891969e+00,4.401556e-21
9.913388e+00,3.828308e-21
9.934854e+00,3.394624e-21
9.959146e+00,3.042854e-21
9.981407e+00,2.755173e-21
1.000302e+01,2.523214e-21
1.002748e+01,2.323457e-21
1.007165e+01,2.004021e-21
1.009346e+01,1.882752e-21
1.011532e+01,1.775474e-21
1.015988e+01,1.600219e-21
1.018188e+01,1.524330e-21
1.020108e+01,1.455627e-21
1.024602e+01,1.335796e-21
1.026821e+01,1.284238e-21
1.029044e+01,1.237322e-21
1.033289e+01,1.152270e-21
1.035526e+01,1.115187e-21
1.037769e+01,1.080687e-21
1.042050e+01,1.018673e-21
1.044306e+01,9.904468e-22
1.046567e+01,9.638292e-22
1.051178e+01,9.166448e-22
1.053160e+01,8.949813e-22
1.055441e+01,8.745798e-22
1.060090e+01,8.369549e-22
1.062386e+01,8.196324e-22
1.064686e+01,8.032713e-22
1.069078e+01,7.732621e-22
1.078142e+01,7.204179e-22
1.080477e+01,7.083887e-22
1.082892e+01,6.972330e-22
1.087587e+01,6.762431e-22
1.096808e+01,6.390122e-22
1.099183e+01,6.305024e-22
1.101332e+01,6.223729e-22
1.106107e+01,6.066872e-22
1.115485e+01,5.786600e-22
1.120399e+01,5.657119e-22
1.125256e+01,5.535282e-22
1.134797e+01,5.310234e-22
1.154201e+01,4.922461e-22
1.157024e+01,4.875174e-22
1.159529e+01,4.830414e-22
1.164962e+01,4.740088e-22
1.175741e+01,4.570351e-22
1.197767e+01,4.268991e-22
1.242630e+01,3.774035e-22
1.245668e+01,3.745807e-22
1.248452e+01,3.719385e-22
1.254215e+01,3.666707e-22
1.265908e+01,3.565106e-22
1.289623e+01,3.376061e-22
1.337926e+01,3.048038e-22
1.340823e+01,3.028812e-22
1.344101e+01,3.011321e-22
1.350023e+01,2.976003e-22
1.362229e+01,2.907228e-22
1.387264e+01,2.776196e-22
1.438522e+01,2.542467e-22
1.546681e+01,2.162788e-22
1.549597e+01,2.153761e-22
1.553061e+01,2.143851e-22
1.559794e+01,2.125079e-22
1.573019e+01,2.088027e-22
1.599805e+01,2.016715e-22
1.654870e+01,1.885151e-22
1.770627e+01,1.659626e-22
2.050183e+01,1.295148e-22
2.350801e+01,1.058306e-22
2.688174e+01,8.904691e-23
2.693995e+01,8.882752e-23
2.700582e+01,8.860867e-23
2.712479e+01,8.812532e-23
2.737768e+01,8.716650e-23
2.788082e+01,8.536242e-23
2.891099e+01,8.199730e-23
3.109342e+01,7.604217e-23
3.122822e+01,7.572476e-23
3.135704e+01,7.540868e-23
3.162290e+01,7.480453e-23
3.217037e+01,7.359493e-23
3.327534e+01,7.137939e-23
3.334972e+01,7.122644e-23
3.342193e+01,7.111195e-23
3.355980e+01,7.084551e-23
3.385378e+01,7.030807e-23
3.443027e+01,6.931228e-23
3.561286e+01,6.745679e-23
3.569994e+01,6.731225e-23
3.577974e+01,6.719684e-23
3.594488e+01,6.697379e-23
3.628000e+01,6.650138e-23
3.694675e+01,6.558763e-23
3.834398e+01,6.390721e-23
3.842701e+01,6.379763e-23
3.851022e+01,6.371558e-23
3.869067e+01,6.350408e-23
3.978017e+01,6.239685e-23
4.127015e+01,6.102683e-23
4.145197e+01,6.087648e-23
4.164330e+01,6.071998e-23
4.278309e+01,5.981506e-23
4.436388e+01,5.874694e-23
4.445994e+01,5.867138e-23
4.455621e+01,5.862106e-23
4.476187e+01,5.847663e-23
4.516659e+01,5.823255e-23
4.598702e+01,5.776601e-23
4.768619e+01,5.690511e-23
4.778945e+01,5.688070e-23
4.787956e+01,5.683192e-23
4.809049e+01,5.673448e-23
4.849822e+01,5.654616e-23
4.932409e+01,5.621358e-23
4.941710e+01,5.617140e-23
4.974228e+01,5.602699e-23
5.015001e+01,5.588896e-23
5.100756e+01,5.558409e-23
5.122870e+01,5.548878e-23
5.144003e+01,5.542336e-23
5.187615e+01,5.528088e-23
5.275954e+01,5.502652e-23
5.457169e+01,5.454470e-23
5.469367e+01,5.449792e-23
5.481210e+01,5.447454e-23
5.506510e+01,5.441031e-23
5.557848e+01,5.429373e-23
5.660385e+01,5.409030e-23
5.672641e+01,5.406710e-23
5.684924e+01,5.402073e-23
5.764410e+01,5.388763e-23
5.870758e+01,5.370876e-23
5.883470e+01,5.368573e-23
5.898267e+01,5.366270e-23
5.923838e+01,5.361668e-23
5.979067e+01,5.352475e-23
6.089375e+01,5.339288e-23
6.102560e+01,5.336998e-23
6.117481e+01,5.334708e-23
6.144432e+01,5.332420e-23
6.201284e+01,5.325562e-23
6.315691e+01,5.312441e-23
6.329367e+01,5.312441e-23
6.343515e+01,5.310162e-23
6.369239e+01,5.307885e-23
6.425033e+01,5.303332e-23
6.437597e+01,5.301058e-23
6.451537e+01,5.301058e-23
6.479507e+01,5.299352e-23
6.534443e+01,5.294807e-23
6.549049e+01,5.294807e-23
6.563230e+01,5.292536e-23
6.589844e+01,5.290266e-23
6.647571e+01,5.287997e-23
6.662430e+01,5.285729e-23
6.674993e+01,5.285729e-23
6.704399e+01,5.283462e-23
6.761242e+01,5.281196e-23
6.775882e+01,5.278930e-23
6.790554e+01,5.278930e-23
6.820470e+01,5.277232e-23
6.878297e+01,5.274969e-23
6.908117e+01,5.274969e-23
6.936614e+01,5.272706e-23
6.997378e+01,5.270445e-23
7.025753e+01,5.270445e-23
7.056704e+01,5.268184e-23
7.131944e+01,5.268184e-23
7.147886e+01,5.265924e-23
7.255416e+01,5.265924e-23
7.273664e+01,5.263666e-23
7.722948e+01,5.263666e-23
7.741831e+01,5.265924e-23
7.884660e+01,5.265924e-23
7.903938e+01,5.268184e-23
7.977628e+01,5.268184e-23
8.014450e+01,5.270445e-23
8.089170e+01,5.272706e-23
8.162308e+01,5.272706e-23
8.238407e+01,5.277232e-23
8.392153e+01,5.281196e-23
8.412673e+01,5.281196e-23
8.431477e+01,5.283462e-23
8.470395e+01,5.283462e-23
8.546980e+01,5.287997e-23
8.702233e+01,5.294807e-23
8.742400e+01,5.294807e-23
8.783366e+01,5.297079e-23
8.862780e+01,5.301058e-23
9.025659e+01,5.310162e-23
9.045203e+01,5.310162e-23
9.065422e+01,5.312441e-23
9.107265e+01,5.314720e-23
9.189608e+01,5.319282e-23
9.359147e+01,5.327847e-23
9.704279e+01,5.350179e-23
9.725971e+01,5.350179e-23
9.744311e+01,5.352475e-23
9.786556e+01,5.354772e-23
9.869530e+01,5.361668e-23
1.003830e+02,5.373181e-23
1.038309e+02,5.397440e-23
1.040557e+02,5.397440e-23
1.042883e+02,5.399756e-23
1.047112e+02,5.402073e-23
1.055990e+02,5.409030e-23
1.074271e+02,5.422389e-23
1.111247e+02,5.452130e-23
1.113654e+02,5.454470e-23
1.116377e+02,5.456810e-23
1.121295e+02,5.459152e-23
1.131670e+02,5.468528e-23
1.152548e+02,5.484387e-23
1.195717e+02,5.520978e-23
1.287056e+02,5.597894e-23
1.289573e+02,5.600296e-23
1.297969e+02,5.607509e-23
1.308973e+02,5.617140e-23
1.331635e+02,5.638265e-23
1.378239e+02,5.678318e-23
1.476189e+02,5.767315e-23
1.688514e+02,5.963570e-23
1.953606e+02,6.218974e-23
2.238188e+02,6.498545e-23
2.593737e+02,6.865381e-23
2.997598e+02,7.307581e-23
3.431623e+02,7.810867e-23
3.972595e+02,8.493320e-23
4.554779e+02,9.298015e-23
5.207000e+02,1.028540e-22
6.022802e+02,1.163930e-22
6.898701e+02,1.324792e-22
7.990136e+02,1.546209e-22
9.166844e+02,1.808507e-22
1.048827e+03,2.129414e-22
1.213743e+03,2.567127e-22
1.390938e+03,3.077603e-22
1.612458e+03,3.769585e-22
1.864048e+03,4.620624e-22
2.134393e+03,5.607585e-22
2.471555e+03,6.931322e-22
2.833959e+03,8.467967e-22
3.241350e+03,1.031979e-21
3.750232e+03,1.280525e-21
4.295630e+03,1.567099e-21
4.306133e+03,1.572318e-21
4.336587e+03,1.589613e-21
4.378239e+03,1.611586e-21
4.461503e+03,1.658225e-21
4.634750e+03,1.754651e-21
4.677961e+03,1.779860e-21
4.722892e+03,1.804656e-21
4.813718e+03,1.856883e-21
4.836274e+03,1.870074e-21
4.859953e+03,1.883560e-21
4.905263e+03,1.909597e-21
4.917257e+03,1.916984e-21
4.929280e+03,1.923368e-21
4.964487e+03,1.944316e-21
4.976625e+03,1.951001e-21
4.987401e+03,1.958338e-21
4.999596e+03,1.964860e-21
