# AEDGE+ characteristic-strain sensitivity curve (lower boundary of the AEDGE+ region), digitised from GW_exclusion_plot.svg
# NOTE: this is AEDGE+ (#5d9ec7), NOT AEDGE. Produced as a by-product of the AEDGE extraction with the identical method.
# Source: GW_exclusion_plot.svg (qsim_visit project root), top-left panel, colour #5d9ec7.
# Shapes: fill path510-2; strokes path511-5 (2-point dashed lead-in, entirely left of the frame, unused after clipping),
#   path512-2 (DASHED, whole band; the fill's lower edge follows it exactly) and path513-1 (SOLID, 0.0100 Hz -> 3.39 Hz,
#   same curve as path512-2 there at ~2x the vertex density; solid - dashed max 0.008 dex).
# Built: path512-2 clipped at the frame edge (f = 1e-6 Hz) for f < 0.0100 Hz, then path513-1 for f >= 0.0100 Hz.
#   Upward spikes near 3e-3 and 6e-3 Hz (presumably broadband response nulls) kept. Left end = frame clip; right end 3.39 Hz = curve end.
# Calibration (top-left panel; svgelements page coords in px, y down):
#   log10(f/Hz) = -6 + (x - 102.2)/28.065 ;  log10(h_c) = -15 - (y - 50.24)/18.258
# Decimation: 300 points uniform in log10 f plus Ramer-Douglas-Peucker vertices at 0.002 dex tolerance, linear in log-log.
#   Max perpendicular deviation from the full polyline: 0.0020 dex. Digitisation accuracy ~0.01 dex.
f_Hz,h_c
1.000000e-06,1.340680e-17
1.047724e-06,1.039366e-17
1.051573e-06,1.037083e-17
1.072278e-06,1.026295e-17
1.105805e-06,1.022207e-17
1.123125e-06,1.019931e-17
1.149125e-06,1.003008e-17
1.162835e-06,9.682290e-18
1.210185e-06,8.457534e-18
1.222805e-06,8.118533e-18
1.285869e-06,6.662702e-18
1.288528e-06,6.613600e-18
1.352184e-06,5.935946e-18
1.379333e-06,5.673223e-18
1.421920e-06,5.595961e-18
1.495253e-06,5.491121e-18
1.545368e-06,5.419849e-18
1.563153e-06,5.319072e-18
1.572367e-06,5.252770e-18
1.644950e-06,4.663193e-18
1.653458e-06,4.591593e-18
1.738732e-06,3.875127e-18
1.775926e-06,3.634408e-18
1.828403e-06,3.383015e-18
1.922698e-06,2.970647e-18
1.953657e-06,2.869591e-18
2.021857e-06,2.702807e-18
2.126130e-06,2.458826e-18
2.235780e-06,2.240304e-18
2.351086e-06,2.054268e-18
2.352086e-06,2.053053e-18
2.472338e-06,1.940207e-18
2.599843e-06,1.828883e-18
2.733924e-06,1.725036e-18
2.872164e-06,1.629205e-18
2.874920e-06,1.627646e-18
3.023187e-06,1.547963e-18
3.179101e-06,1.472180e-18
3.343056e-06,1.400108e-18
3.471208e-06,1.348807e-18
3.515467e-06,1.333227e-18
3.696769e-06,1.273628e-18
3.887422e-06,1.218453e-18
4.087907e-06,1.166422e-18
4.298732e-06,1.118872e-18
4.520429e-06,1.073398e-18
4.753560e-06,1.029773e-18
4.868412e-06,1.009686e-18
4.998714e-06,9.897044e-19
5.256511e-06,9.527478e-19
5.527604e-06,9.171713e-19
5.812678e-06,8.829233e-19
6.112454e-06,8.499541e-19
6.427690e-06,8.182160e-19
6.759183e-06,7.876630e-19
7.107773e-06,7.592832e-19
7.474340e-06,7.321272e-19
7.859812e-06,7.059424e-19
8.265164e-06,6.806942e-19
8.691422e-06,6.563490e-19
9.139662e-06,6.328745e-19
9.611020e-06,6.102395e-19
9.824067e-06,6.006259e-19
1.010669e-05,5.886904e-19
1.062792e-05,5.681083e-19
1.117603e-05,5.482459e-19
1.175241e-05,5.290779e-19
1.235851e-05,5.105800e-19
1.299587e-05,4.927289e-19
1.366610e-05,4.755019e-19
1.437090e-05,4.590857e-19
1.511205e-05,4.432921e-19
1.589142e-05,4.280419e-19
1.671098e-05,4.133163e-19
1.757281e-05,3.990972e-19
1.847909e-05,3.853674e-19
1.943211e-05,3.721099e-19
1.999366e-05,3.648027e-19
2.043428e-05,3.593423e-19
2.148813e-05,3.470555e-19
2.259633e-05,3.351888e-19
2.376169e-05,3.237279e-19
2.498714e-05,3.126589e-19
2.627580e-05,3.019683e-19
2.763091e-05,2.916433e-19
2.905591e-05,2.816812e-19
3.055441e-05,2.720933e-19
3.213018e-05,2.628317e-19
3.378722e-05,2.538854e-19
3.552972e-05,2.452436e-19
3.736209e-05,2.368960e-19
3.928895e-05,2.288325e-19
4.131519e-05,2.210467e-19
4.344593e-05,2.135291e-19
4.568656e-05,2.062671e-19
4.804274e-05,1.992521e-19
5.052043e-05,1.924757e-19
5.312591e-05,1.859297e-19
5.586576e-05,1.796064e-19
5.874691e-05,1.734978e-19
6.177665e-05,1.675955e-19
6.496264e-05,1.618940e-19
6.831294e-05,1.563864e-19
7.183603e-05,1.510662e-19
7.554081e-05,1.459270e-19
7.943666e-05,1.409627e-19
8.353343e-05,1.361592e-19
8.784147e-05,1.315067e-19
9.237170e-05,1.270133e-19
9.713556e-05,1.226733e-19
1.021451e-04,1.184817e-19
1.074130e-04,1.144333e-19
1.129526e-04,1.105232e-19
1.187779e-04,1.067467e-19
1.249036e-04,1.030842e-19
1.313452e-04,9.954746e-20
1.381190e-04,9.613203e-20
1.452422e-04,9.283377e-20
1.527327e-04,8.964868e-20
1.606096e-04,8.657287e-20
1.688927e-04,8.360259e-20
1.709769e-04,8.289373e-20
1.776029e-04,8.070809e-20
1.867624e-04,7.790566e-20
1.963942e-04,7.520054e-20
2.065228e-04,7.258935e-20
2.171738e-04,7.006883e-20
2.283740e-04,6.763583e-20
2.401519e-04,6.528731e-20
2.525372e-04,6.298291e-20
2.655612e-04,6.075976e-20
2.792570e-04,5.861507e-20
2.936590e-04,5.654609e-20
3.088038e-04,5.455015e-20
3.247297e-04,5.262465e-20
3.414769e-04,5.076712e-20
3.472881e-04,5.015860e-20
3.590878e-04,4.892669e-20
3.776069e-04,4.712940e-20
3.970811e-04,4.539814e-20
4.175597e-04,4.373048e-20
4.390944e-04,4.212407e-20
4.617397e-04,4.057668e-20
4.855529e-04,3.908613e-20
5.105942e-04,3.762212e-20
5.109924e-04,3.759996e-20
5.369269e-04,3.616390e-20
5.646177e-04,3.474615e-20
5.937366e-04,3.337253e-20
6.243572e-04,3.201260e-20
6.565571e-04,3.067141e-20
6.864266e-04,2.952557e-20
6.904175e-04,2.937577e-20
7.260242e-04,2.809672e-20
7.634673e-04,2.681584e-20
8.028414e-04,2.555716e-20
8.244005e-04,2.491783e-20
8.442461e-04,2.431834e-20
8.877862e-04,2.306560e-20
9.335718e-04,2.179805e-20
9.817186e-04,2.056635e-20
9.899003e-04,2.036986e-20
1.032349e-03,1.931713e-20
1.085590e-03,1.804299e-20
1.125193e-03,1.713389e-20
1.141576e-03,1.675433e-20
1.200451e-03,1.546725e-20
1.262361e-03,1.415362e-20
1.278887e-03,1.382604e-20
1.327465e-03,1.281178e-20
1.395926e-03,1.155473e-20
1.425452e-03,1.102122e-20
1.467917e-03,1.027077e-20
1.543622e-03,9.031416e-21
1.600050e-03,8.178872e-21
1.623231e-03,7.837341e-21
1.706945e-03,6.730212e-21
1.755396e-03,6.148839e-21
1.794977e-03,5.699307e-21
1.887549e-03,4.761997e-21
1.984895e-03,3.947975e-21
2.016726e-03,3.720633e-21
2.087262e-03,3.248732e-21
2.194907e-03,2.647275e-21
2.308105e-03,2.148307e-21
2.427140e-03,1.746271e-21
2.552314e-03,1.429062e-21
2.648553e-03,1.246112e-21
2.683944e-03,1.189717e-21
2.803725e-03,1.036750e-21
2.822362e-03,1.017712e-21
2.962403e-03,9.108627e-22
2.967919e-03,9.085577e-22
3.026122e-03,8.860037e-22
3.091211e-03,8.823054e-22
3.120983e-03,9.036919e-22
3.157701e-03,9.298141e-22
3.224495e-03,1.153630e-21
3.281941e-03,2.974604e-21
3.310903e-03,4.169945e-21
3.451200e-03,1.103892e-21
3.472749e-03,9.189088e-22
3.565808e-03,7.434165e-22
3.629187e-03,6.924152e-22
3.642252e-03,6.841951e-22
3.779992e-03,6.329415e-22
3.816355e-03,6.236349e-22
4.013174e-03,5.877406e-22
4.094086e-03,5.764301e-22
4.220145e-03,5.614613e-22
4.437789e-03,5.393890e-22
4.666658e-03,5.198362e-22
4.893053e-03,5.022183e-22
4.907331e-03,5.012592e-22
5.160415e-03,4.840214e-22
5.426552e-03,4.678632e-22
5.706414e-03,4.527284e-22
5.942545e-03,4.421842e-22
6.000710e-03,4.400400e-22
6.170290e-03,4.357344e-22
6.304767e-03,4.371856e-22
6.310183e-03,4.378879e-22
6.439928e-03,4.574274e-22
6.616192e-03,7.732621e-22
6.635616e-03,7.028866e-22
6.795383e-03,2.807636e-22
6.977833e-03,2.755874e-22
7.337699e-03,2.659985e-22
7.716124e-03,2.566197e-22
8.114066e-03,2.475972e-22
8.532531e-03,2.388322e-22
8.972577e-03,2.302877e-22
9.435317e-03,2.219664e-22
9.804455e-03,2.158154e-22
9.921922e-03,2.138905e-22
1.043362e-02,2.060051e-22
1.097171e-02,1.983101e-22
1.153756e-02,1.908767e-22
1.213258e-02,1.835560e-22
1.275829e-02,1.765161e-22
1.297442e-02,1.742251e-22
1.341627e-02,1.695630e-22
1.410818e-02,1.627955e-22
1.483578e-02,1.562180e-22
1.560090e-02,1.497768e-22
1.630417e-02,1.443481e-22
1.640548e-02,1.435535e-22
1.725156e-02,1.372636e-22
1.814127e-02,1.312493e-22
1.907687e-02,1.252504e-22
2.006071e-02,1.194164e-22
2.066648e-02,1.160938e-22
2.109530e-02,1.137030e-22
2.218324e-02,1.080547e-22
2.332729e-02,1.026870e-22
2.453034e-02,9.723706e-23
2.579544e-02,9.205587e-23
2.641992e-02,8.968910e-23
2.712578e-02,8.693409e-23
2.852473e-02,8.191210e-23
2.960017e-02,7.840243e-23
2.999583e-02,7.706846e-23
3.154280e-02,7.221896e-23
3.316955e-02,6.767462e-23
3.347944e-02,6.686613e-23
3.488019e-02,6.314898e-23
3.667906e-02,5.886956e-23
3.857070e-02,5.486395e-23
4.055990e-02,5.111735e-23
4.265168e-02,4.764543e-23
4.485135e-02,4.445251e-23
4.716445e-02,4.147356e-23
4.959685e-02,3.886787e-23
5.011728e-02,3.823690e-23
5.215470e-02,3.676944e-23
5.376530e-02,3.547132e-23
5.484446e-02,3.494984e-23
5.752614e-02,3.374929e-23
5.767294e-02,3.371085e-23
6.025403e-02,3.311820e-23
6.064729e-02,3.307993e-23
6.258070e-02,3.292342e-23
6.377504e-02,3.292188e-23
6.587381e-02,3.301890e-23
6.706409e-02,3.314943e-23
6.912765e-02,3.346454e-23
7.052277e-02,3.280155e-23
7.086131e-02,3.267717e-23
7.415982e-02,3.331689e-23
7.579685e-02,3.369143e-23
7.768150e-02,3.339642e-23
7.798445e-02,3.346579e-23
8.200632e-02,3.448845e-23
8.322552e-02,3.481176e-23
8.499191e-02,3.501396e-23
8.623561e-02,3.455953e-23
8.708089e-02,3.420480e-23
9.068302e-02,3.512355e-23
9.535979e-02,3.639494e-23
9.540224e-02,3.640794e-23
9.774709e-02,3.601181e-23
1.002778e-01,3.664977e-23
1.054494e-01,3.790155e-23
1.095973e-01,3.875298e-23
1.108877e-01,3.848789e-23
1.123538e-01,3.823690e-23
1.166065e-01,3.923974e-23
1.226202e-01,4.069054e-23
1.231245e-01,4.080027e-23
1.258080e-01,4.098887e-23
1.289440e-01,4.057544e-23
1.289721e-01,4.057771e-23
1.355940e-01,4.202699e-23
1.425870e-01,4.350263e-23
1.444566e-01,4.381184e-23
1.499406e-01,4.333016e-23
1.515921e-01,4.324695e-23
1.576734e-01,4.443601e-23
1.658051e-01,4.606236e-23
1.735776e-01,4.746129e-23
1.743561e-01,4.746129e-23
1.833481e-01,4.712697e-23
1.863292e-01,4.704571e-23
1.928039e-01,4.818242e-23
2.027473e-01,4.994156e-23
2.132036e-01,5.182036e-23
2.185967e-01,5.278930e-23
2.235947e-01,5.224296e-23
2.241990e-01,5.222055e-23
2.292823e-01,5.222055e-23
2.346556e-01,5.154724e-23
2.357616e-01,5.154724e-23
2.397530e-01,5.160809e-23
2.479205e-01,5.279509e-23
2.607064e-01,5.471170e-23
2.741518e-01,5.674516e-23
2.882905e-01,5.891804e-23
2.948567e-01,5.996279e-23
3.031585e-01,5.964334e-23
3.157460e-01,5.894259e-23
3.187932e-01,5.859073e-23
3.238453e-01,5.796460e-23
3.314348e-01,5.769790e-23
3.352342e-01,5.814040e-23
3.525232e-01,6.018829e-23
3.707037e-01,6.235957e-23
3.898220e-01,6.470353e-23
4.099261e-01,6.718577e-23
4.310672e-01,6.986279e-23
4.464364e-01,7.185562e-23
4.532985e-01,7.157153e-23
4.766763e-01,7.047600e-23
4.894046e-01,6.995455e-23
5.012598e-01,6.907006e-23
5.271112e-01,6.784909e-23
5.367704e-01,6.731225e-23
5.542957e-01,6.715839e-23
5.630092e-01,6.734113e-23
5.828823e-01,6.895159e-23
6.129431e-01,7.139707e-23
6.445543e-01,7.401714e-23
6.777957e-01,7.688845e-23
7.127515e-01,7.987114e-23
7.262048e-01,8.100953e-23
7.495101e-01,8.315131e-23
7.881644e-01,8.667841e-23
8.288122e-01,9.046235e-23
8.715563e-01,9.463792e-23
9.110502e-01,9.867225e-23
9.165048e-01,9.889235e-23
9.286354e-01,9.925602e-23
9.637715e-01,9.790120e-23
1.013476e+00,9.603843e-23
1.065744e+00,9.415027e-23
1.120707e+00,9.251547e-23
1.178505e+00,9.083823e-23
1.239284e+00,8.932185e-23
1.303197e+00,8.783078e-23
1.370406e+00,8.642461e-23
1.379017e+00,8.622737e-23
1.441082e+00,8.527156e-23
1.515402e+00,8.402767e-23
1.593556e+00,8.310855e-23
1.660833e+00,8.248242e-23
1.675740e+00,8.293276e-23
1.762162e+00,8.623230e-23
1.853042e+00,8.999618e-23
1.874959e+00,9.089961e-23
1.948608e+00,9.417152e-23
2.049104e+00,9.861972e-23
2.154781e+00,1.035186e-22
2.265909e+00,1.089357e-22
2.354667e+00,1.132650e-22
2.382769e+00,1.147932e-22
2.505655e+00,1.215028e-22
2.634878e+00,1.286046e-22
2.661216e+00,1.300577e-22
2.770766e+00,1.368453e-22
2.913662e+00,1.458044e-22
2.983220e+00,1.502076e-22
3.063927e+00,1.557413e-22
3.221943e+00,1.670150e-22
3.388107e+00,1.796328e-22
